,lon,lat,z
0,-48.383747,-0.116224654,8.656944
1,-48.384926,-0.11654868,8.732905
2,-48.38731,-0.11632513,8.799372
3,-48.39075,-0.1156326,8.858223
4,-48.394245,-0.11474237,8.907994
5,-48.39692,-0.11387975,8.947251
6,-48.398865,-0.11303466,8.977263
7,-48.400135,-0.11219721,8.998952
8,-48.4009,-0.11143566,9.017295
9,-48.401295,-0.11082381,9.036694
10,-48.401333,-0.11035827,9.056971
11,-48.401035,-0.1100333,9.0779505
12,-48.40068,-0.10981429,9.099975
13,-48.400528,-0.10966825,9.123292
14,-48.40055,-0.10958973,9.147592
15,-48.40074,-0.10957249,9.172554
16,-48.401104,-0.10960423,9.19763
17,-48.40165,-0.10967348,9.222351
18,-48.402348,-0.109774694,9.2465515
19,-48.403168,-0.10990257,9.27009
20,-48.40398,-0.11003347,9.292071
21,-48.40467,-0.1101486,9.311874
22,-48.405254,-0.110249795,9.32975
23,-48.40575,-0.110338695,9.345912
24,-48.40614,-0.11042406,9.360871
25,-48.40644,-0.11051294,9.375035
26,-48.40666,-0.110604405,9.388429
27,-48.406796,-0.11069758,9.401079
28,-48.406864,-0.11077099,9.412608
29,-48.406933,-0.11080729,9.42275
30,-48.407,-0.11081108,9.431681
31,-48.40707,-0.11078609,9.439544
32,-48.407104,-0.110769495,9.446804
33,-48.407104,-0.110793285,9.453827
34,-48.407104,-0.110852934,9.460605
35,-48.407104,-0.1109441,9.46713
36,-48.407055,-0.11104994,9.473035
37,-48.406948,-0.11115651,9.478043
38,-48.4068,-0.11126405,9.482257
39,-48.406593,-0.11137287,9.485768
40,-48.40642,-0.11145995,9.489252
41,-48.406353,-0.11150404,9.493283
42,-48.40638,-0.11150883,9.497767
43,-48.406487,-0.11147856,9.502609
44,-48.406624,-0.11143662,9.507148
45,-48.40676,-0.11140257,9.510878
46,-48.4069,-0.11137536,9.513902
47,-48.407036,-0.11135422,9.516305
48,-48.407173,-0.11133853,9.518396
49,-48.407272,-0.11132792,9.520437
50,-48.40734,-0.11132194,9.5224285
51,-48.40741,-0.11132033,9.524368
52,-48.40748,-0.11132529,9.526291
53,-48.407547,-0.11133876,9.528225
54,-48.407604,-0.11135999,9.530165
55,-47.954426,-0.5686185,8.977035
56,-47.95421,-0.5712717,9.036356
57,-47.954086,-0.5738201,9.088841
58,-47.954018,-0.5761895,9.134765
59,-47.95395,-0.57832813,9.174679
60,-47.95388,-0.58016855,9.209465
61,-47.95381,-0.5816796,9.239306
62,-47.95371,-0.5828893,9.264125
63,-47.953564,-0.5838736,9.284607
64,-47.95354,-0.58471936,9.301783
65,-47.95375,-0.585341,9.314734
66,-47.954193,-0.58575237,9.32389
67,-47.954865,-0.58595794,9.329482
68,-47.955593,-0.58604336,9.33409
69,-47.956215,-0.58609444,9.340199
70,-47.95672,-0.58611137,9.347725
71,-47.9571,-0.5860948,9.35654
72,-47.95736,-0.58609337,9.366577
73,-47.957497,-0.58615255,9.377745
74,-47.957527,-0.586269,9.389822
75,-47.957455,-0.58643883,9.402587
76,-47.957355,-0.58667636,9.415632
77,-47.957287,-0.5869948,9.428667
78,-47.95723,-0.58738965,9.441627
79,-47.95723,-0.58785766,9.454473
80,-47.95727,-0.5883868,9.467083
81,-47.9574,-0.58896923,9.479438
82,-47.957626,-0.589611,9.491669
83,-47.95794,-0.5903201,9.503913
84,-47.958298,-0.59108126,9.516073
85,-47.95871,-0.5918805,9.528008
86,-47.959152,-0.5927296,9.539789
87,-47.959656,-0.5936426,9.551501
88,-47.96023,-0.59463865,9.563139
89,-47.960888,-0.5957379,9.574735
90,-47.961636,-0.59697586,9.587097
91,-47.962494,-0.5983884,9.600794
92,-47.96342,-0.6000011,9.616069
93,-47.964382,-0.60184246,9.633198
94,-47.965343,-0.6039497,9.652455
95,-47.96625,-0.6063648,9.674157
96,-47.967205,-0.6090814,9.698653
97,-47.96827,-0.61208254,9.726339
98,-47.96946,-0.61539865,9.757652
99,-47.97078,-0.61906546,9.793095
100,-47.97206,-0.62305164,9.830984
101,-47.994343,-0.71991557,10.814149
102,-47.994762,-0.72461635,10.866206
103,-49.487236,0.9662495,11.457326
104,-49.486412,0.96965617,11.542353
105,-49.485657,0.9729319,11.6275
106,-49.4849,0.9760013,11.71029
107,-49.484146,0.97886103,11.788986
108,-49.48339,0.9815058,11.862299
109,-49.482685,0.98385483,11.930213
110,-49.482098,0.9858637,11.994484
111,-49.481606,0.9875796,12.056401
112,-49.481205,0.9890444,12.116852
113,-49.48086,0.9903278,12.169634
114,-49.480587,0.9914796,12.208537
115,-49.480343,0.9925089,12.23488
116,-49.480137,0.9934251,12.250524
117,-49.47995,0.994252,12.263581
118,-49.479813,0.99500704,12.28003
119,-49.479675,0.9956911,12.298813
120,-49.479546,0.99630594,12.319035
121,-49.479465,0.9968408,12.337979
122,-49.479336,0.9972932,12.353812
123,-49.479267,0.9976764,12.367041
124,-49.4792,0.9980017,12.378096
125,-49.47913,0.99827844,12.387366
126,-49.47906,0.99851465,12.395174
127,-49.478992,0.99871624,12.401754
128,-48.51941,-0.03813586,8.636157
129,-48.513916,-0.03954608,8.653365
130,-48.50966,-0.04091101,8.66407
131,-48.506496,-0.042251293,8.670973
132,-48.504364,-0.04358358,8.67593
133,-48.503548,-0.044595424,8.67873
134,-48.504383,-0.044958487,8.678626
135,-48.506927,-0.044655822,8.674863
136,-48.51129,-0.04365627,8.664727
137,-48.516273,-0.042313363,8.648167
138,-49.691944,0.89027154,13.370788
139,-49.692963,0.893756,13.70473
140,-49.694164,0.89670694,13.986418
141,-49.69535,0.89914745,14.2165365
142,-49.696457,0.9011186,14.400384
143,-49.697487,0.902712,14.550475
144,-49.698452,0.904,14.675444
145,-49.699306,0.90501344,14.781767
146,-49.700005,0.90577036,14.874473
147,-49.70056,0.90630436,14.957097
148,-49.700996,0.9066385,15.0323305
149,-49.70134,0.90693855,15.096944
150,-49.701683,0.9073514,15.14712
151,-49.702026,0.9078611,15.184275
152,-49.70237,0.9084489,15.209894
153,-49.702614,0.9090988,15.227906
154,-49.70274,0.909794,15.2416
155,-49.70277,0.91051304,15.251542
156,-49.70272,0.91123545,15.258302
157,-49.702652,0.9118984,15.262647
158,-49.702583,0.91246384,15.2652645
159,-49.702515,0.91294754,15.266515
160,-49.702446,0.91336256,15.266685
161,-49.702377,0.91370106,15.265593
162,-49.702374,0.91396034,15.263105
163,-49.702374,0.9141554,15.259431
164,-49.7024,0.91429734,15.25469
165,-49.70247,0.91440773,15.24973
166,-49.702538,0.9145038,15.245308
167,-49.702606,0.91458696,15.241368
168,-49.702675,0.91465855,15.237868
169,-49.702744,0.9147302,15.2353115
170,-49.702763,0.91481173,15.234163
171,-49.702763,0.91490185,15.234317
172,-49.702763,0.91499895,15.235651
173,-49.702763,0.9150987,15.237559
174,-49.702763,0.91519827,15.239512
175,-49.702763,0.91529655,15.2414875
176,-49.702763,0.91539305,15.243472
177,-49.702763,0.9154868,15.245404
178,-49.702763,0.9155772,15.247239
179,-49.702763,0.9156637,15.248976
180,-49.702763,0.9157464,15.250614
181,-49.702763,0.9158256,15.252193
182,-49.702763,0.91590154,15.253752
183,-49.702763,0.91597396,15.255272
184,-49.702763,0.91604245,15.256741
185,-49.702763,0.91610557,15.258085
186,-49.702763,0.91616255,15.259254
187,-49.702763,0.9162139,15.26027
188,-49.702763,0.9162603,15.261152
189,-49.702763,0.9163002,15.2619095
190,-49.702763,0.9163329,15.262553
191,-49.702763,0.9163597,15.263105
192,-49.702763,0.9163816,15.26358
193,-49.702763,0.91640264,15.264027
194,-49.702763,0.9164258,15.264466
195,-49.702763,0.9164504,15.264893
196,-49.702763,0.91647506,15.265299
197,-49.702763,0.9164986,15.265659
198,-49.702763,0.9165196,15.265958
199,-49.702763,0.9165382,15.266203
200,-49.702763,0.91655475,15.266404
201,-49.702763,0.91656923,15.26657
202,-49.702763,0.91658187,15.266714
203,-49.702763,0.916593,15.266838
204,-49.797626,1.0243522,11.295185
205,-49.797386,1.0286062,11.332208
206,-49.796658,1.0326806,11.366302
207,-49.795517,1.0365883,11.398248
208,-49.794018,1.0403506,11.428732
209,-49.792458,1.0438443,11.4576
210,-49.79112,1.0469247,11.484285
211,-49.78998,1.0496244,11.508911
212,-49.789024,1.0519787,11.53163
213,-49.788303,1.0540229,11.553044
214,-49.787876,1.0557864,11.573638
215,-49.7877,1.0572953,11.593426
216,-49.787746,1.0585753,11.612448
217,-49.787884,1.0597657,11.631
218,-49.78807,1.0609814,11.649261
219,-49.788277,1.0622084,11.667117
220,-49.788483,1.0634359,11.684478
221,-49.78869,1.0646095,11.700779
222,-49.788895,1.0656894,11.715609
223,-49.7891,1.0666853,11.729121
224,-49.789307,1.0676049,11.741455
225,-49.789513,1.0684271,11.752503
226,-49.789654,1.069138,11.762222
227,-49.78979,1.0697515,11.770782
228,-49.78993,1.0702785,11.778318
229,-49.790028,1.0707822,11.785276
230,-49.790096,1.0713148,11.792014
231,-49.790123,1.0718708,11.798513
232,-49.790123,1.0724448,11.804765
233,-49.790123,1.073013,11.810708
234,-49.790123,1.0735554,11.816303
235,-49.790123,1.0740731,11.821568
236,-49.790123,1.074567,11.826521
237,-49.790108,1.0750337,11.830969
238,-49.79004,1.075471,11.834748
239,-49.789948,1.0758814,11.837923
240,-49.78981,1.076267,11.840553
241,-49.789673,1.0766404,11.843119
242,-49.789536,1.0770122,11.846028
243,-49.789413,1.0773797,11.849234
244,-49.789345,1.0777413,11.852677
245,-49.789276,1.0780933,11.856087
246,-49.789207,1.0784333,11.859235
247,-49.78914,1.0787605,11.862137
248,-49.78907,1.0790749,11.864804
249,-49.789,1.0793699,11.867255
250,-49.788933,1.0796416,11.869512
251,-49.788864,1.0798919,11.871589
252,-49.788795,1.0801227,11.873503
253,-49.788727,1.080336,11.875276
254,-49.78866,1.0805334,11.876925
255,-49.78859,1.0807161,11.878463
256,-49.768517,1.0333714,12.035898
257,-49.766453,1.0379966,12.074106
258,-49.764736,1.0419513,12.10836
259,-49.763317,1.0453267,12.139144
260,-49.762154,1.0482037,12.1669035
261,-49.76129,1.0506535,12.192562
262,-49.760788,1.0527328,12.216844
263,-49.760582,1.0544884,12.239871
264,-49.760635,1.0559617,12.261769
265,-49.76084,1.0573198,12.28293
266,-49.761047,1.0586942,12.303583
267,-49.761253,1.0600718,12.323629
268,-49.76146,1.061441,12.342995
269,-49.761665,1.0627426,12.361063
270,-49.76187,1.0639335,12.377415
271,-49.762077,1.0650263,12.392248
272,-49.762283,1.0660318,12.405734
273,-49.76249,1.0669285,12.417782
274,-49.762676,1.067701,12.428345
275,-49.762814,1.0683662,12.437624
276,-49.76295,1.068937,12.445781
277,-49.763065,1.0694811,12.4532995
278,-49.763134,1.0700557,12.4605665
279,-49.763165,1.0706545,12.467566
280,-49.763165,1.0712718,12.474287
281,-49.763165,1.0718818,12.480667
282,-49.763165,1.0724636,12.48667
283,-49.763165,1.0730187,12.492314
284,-49.763165,1.073548,12.497626
285,-49.763145,1.0740478,12.502392
286,-49.763077,1.0745162,12.506439
287,-49.76297,1.0749557,12.509839
288,-49.762833,1.075369,12.512655
289,-49.762695,1.0757697,12.515404
290,-49.762558,1.076168,12.518526
291,-49.76242,1.0765623,12.521963
292,-49.76233,1.0769503,12.525661
293,-49.76226,1.0773288,12.529328
294,-49.76219,1.0776947,12.532719
295,-49.762123,1.0780476,12.535851
296,-49.762054,1.0783877,12.538737
297,-49.761986,1.0787082,12.541398
298,-49.761917,1.0790039,12.543854
299,-49.76179,1.0792773,12.546122
300,-49.761654,1.0795305,12.548221
301,-49.76154,1.0797653,12.550174
302,-49.76147,1.0799835,12.551997
303,-49.761402,1.0801862,12.553702
304,-48.2328,-0.31826442,7.780109
305,-48.23551,-0.31759918,7.922604
306,-48.237377,-0.3171209,8.008365
307,-48.238686,-0.31669167,8.068803
308,-48.239586,-0.3162919,8.111463
309,-48.24018,-0.3158986,8.14255
310,-48.24055,-0.31549466,8.166091
311,-48.24072,-0.31507358,8.183369
312,-48.2407,-0.31462786,8.195156
313,-48.240616,-0.3141724,8.204622
314,-48.240578,-0.31372875,8.214576
315,-48.24058,-0.31329894,8.224953
316,-48.24065,-0.31288427,8.23569
317,-48.24079,-0.3125182,8.247114
318,-48.24104,-0.31223345,8.259454
319,-48.241386,-0.31202778,8.272471
320,-48.24182,-0.31189704,8.285912
321,-48.242302,-0.311807,8.2994
322,-48.24281,-0.31172734,8.312673
323,-48.24336,-0.31165817,8.325547
324,-48.243908,-0.31159922,8.337906
325,-48.244434,-0.31154338,8.349324
326,-48.244915,-0.31148458,8.359566
327,-48.245396,-0.3114242,8.36871
328,-48.245827,-0.31136358,8.376835
329,-48.24624,-0.31130722,8.384195
330,-48.24665,-0.3112587,8.39091
331,-48.246994,-0.31121716,8.397017
332,-48.247337,-0.3111816,8.402562
333,-48.24763,-0.31114992,8.407406
334,-48.24787,-0.31112003,8.411536
335,-48.248077,-0.31109157,8.415099
336,-48.24823,-0.3110644,8.41818
337,-48.248367,-0.3110283,8.421167
338,-48.248505,-0.31097594,8.424301
339,-48.248642,-0.3109107,8.427512
340,-48.24878,-0.310836,8.430731
341,-48.248882,-0.3107672,8.433614
342,-48.24895,-0.31071365,8.436011
343,-48.24902,-0.3106734,8.437986
344,-48.249023,-0.31064415,8.439623
345,-48.249023,-0.31061843,8.441225
346,-48.249023,-0.31059015,8.443017
347,-48.249092,-0.31056026,8.444932
348,-48.24916,-0.31053022,8.446877
349,-48.249218,-0.31050068,8.448627
350,-48.249218,-0.31047034,8.450087
351,-48.249218,-0.31043828,8.451311
352,-48.249218,-0.31040448,8.452302
353,-48.249218,-0.3103696,8.453203
354,-48.249218,-0.31033474,8.454156
355,-48.249218,-0.31029987,8.45516
356,-48.249218,-0.310265,8.456216
357,-48.249218,-0.31023195,8.45732
358,-48.24927,-0.3102035,8.458441
359,-48.24934,-0.31018096,8.459501
360,-49.50616,0.9783896,11.529016
361,-49.505547,0.9812056,11.579011
362,-49.504997,0.98376495,11.624656
363,-49.504494,0.98607606,11.665922
364,-49.50404,0.98814994,11.702829
365,-49.503628,0.9899749,11.734982
366,-49.503216,0.9915508,11.762421
367,-49.50287,0.9929076,11.785746
368,-49.502525,0.9940725,11.805471
369,-49.50224,0.9950401,11.821375
370,-49.501987,0.99582076,11.833525
371,-49.50178,0.9964531,11.8427305
372,-49.50158,0.99696547,11.849651
373,-49.501442,0.99741423,11.855599
374,-49.501305,0.9978356,11.861346
375,-49.501205,0.9982241,11.866665
376,-49.501137,0.99858075,11.871312
377,-49.50107,0.99889815,11.875089
378,-49.501,0.99917185,11.877963
379,-49.50093,0.99940425,11.880009
380,-49.500862,0.9995987,11.881311
381,-49.500793,0.99975604,11.881931
382,-49.500725,0.9998807,11.881934
383,-49.500664,0.9999783,11.881421
384,-49.50066,1.0000622,11.880548
385,-49.50066,1.0001465,11.879694
386,-49.50066,1.0002335,11.878947
387,-49.50066,1.0003232,11.878308
388,-49.50066,1.0004159,11.877774
389,-49.50066,1.0005114,11.877222
390,-49.50066,1.0006104,11.876525
391,-49.50066,1.0007124,11.875683
392,-49.50066,1.0008178,11.874699
393,-49.50066,1.0009251,11.873675
394,-49.50066,1.0010324,11.872718
395,-49.500614,1.0011371,11.871847
396,-49.500557,1.001232,11.871116
397,-49.500557,1.001322,11.870441
398,-49.500557,1.00141,11.869753
399,-49.500557,1.0014977,11.869049
400,-48.229626,-0.32324028,7.844585
401,-48.232975,-0.32251024,8.001269
402,-48.23528,-0.32192123,8.103987
403,-48.236877,-0.32139492,8.175319
404,-48.237972,-0.3209055,8.225212
405,-48.238712,-0.32042503,8.261346
406,-48.23916,-0.31993288,8.288583
407,-48.23936,-0.31942043,8.30856
408,-48.239334,-0.31887817,8.322263
409,-48.239227,-0.31832206,8.333325
410,-48.23918,-0.31777713,8.344924
411,-48.239193,-0.31724563,8.356982
412,-48.23926,-0.3167295,8.369415
413,-48.239433,-0.31627047,8.382523
414,-48.23973,-0.31590936,8.396471
415,-48.24014,-0.3156437,8.410993
416,-48.24065,-0.31546822,8.425798
417,-48.24121,-0.31534344,8.440557
418,-48.24183,-0.3152348,8.4549885
419,-48.242447,-0.31514198,8.468948
420,-48.243065,-0.31506398,8.482338
421,-48.243683,-0.31499213,8.494719
422,-48.244263,-0.3149193,8.5057745
423,-48.244812,-0.3148467,8.515652
424,-48.24532,-0.3147756,8.524432
425,-48.2458,-0.31470972,8.53235
426,-48.246246,-0.3146524,8.539529
427,-48.24666,-0.31460243,8.546038
428,-48.247047,-0.31455925,8.551882
429,-48.24738,-0.31452033,8.556984
430,-48.247654,-0.3144835,8.5613365
431,-48.247868,-0.3144485,8.565078
432,-48.24806,-0.314415,8.568317
433,-48.248196,-0.3143715,8.571458
434,-48.248333,-0.31430897,8.574796
435,-48.24847,-0.3142311,8.578261
436,-48.248608,-0.31414133,8.581785
437,-48.24874,-0.3140579,8.584969
438,-48.24881,-0.31399274,8.587587
439,-48.24888,-0.3139425,8.589762
440,-48.2489,-0.31390524,8.59155
441,-48.2489,-0.31387246,8.593285
442,-48.248943,-0.31383824,8.595189
443,-48.249012,-0.31380424,8.597158
444,-48.24908,-0.31377092,8.599159
445,-48.24915,-0.3137382,8.600968
446,-48.24916,-0.31370476,8.6024475
447,-48.24916,-0.31366912,8.603692
448,-48.24916,-0.31363115,8.604705
449,-48.24916,-0.31359193,8.605624
450,-48.24916,-0.31355223,8.606592
451,-48.24916,-0.31351218,8.607609
452,-48.24916,-0.31347185,8.608674
453,-48.249165,-0.31343344,8.609787
454,-48.249233,-0.31340083,8.610893
455,-48.249302,-0.31337482,8.611944
456,-49.709812,0.87820315,13.328463
457,-49.712124,0.88036746,13.700409
458,-49.71423,0.8821354,14.000399
459,-49.716045,0.8835532,14.248843
460,-49.717556,0.88461024,14.459013
461,-49.718773,0.8853126,14.640732
462,-49.719723,0.88594854,14.789411
463,-49.720505,0.88678825,14.900891
464,-49.721188,0.8878106,14.981847
465,-49.721806,0.8889908,15.037327
466,-49.722294,0.8903104,15.076552
467,-49.722546,0.8917555,15.106931
468,-49.722595,0.89330626,15.129705
469,-49.722466,0.8949425,15.145888
470,-49.72226,0.89653283,15.156895
471,-49.722054,0.8979712,15.163941
472,-49.721848,0.8992733,15.167539
473,-49.72164,0.9004528,15.168113
474,-49.721466,0.9014666,15.164745
475,-49.72138,0.9022807,15.156609
476,-49.721382,0.9029184,15.144091
477,-49.721462,0.9033986,15.127436
478,-49.7216,0.9037831,15.109595
479,-49.721737,0.90412486,15.093357
480,-49.721874,0.9044265,15.078621
481,-49.72201,0.9046912,15.065301
482,-49.72215,0.90495884,15.055437
483,-49.72222,0.90526557,15.050984
484,-49.72229,0.90560776,15.051674
485,-49.72236,0.9059811,15.057172
486,-49.72236,0.90637285,15.065137
487,-49.722332,0.9067716,15.073452
488,-49.722263,0.90717626,15.082072
489,-49.722153,0.90758497,15.090945
490,-49.72204,0.9079944,15.099853
491,-49.72197,0.9084002,15.108572
492,-49.7219,0.9088012,15.1170845
493,-49.721893,0.909196,15.125366
494,-49.721893,0.90958726,15.133632
495,-49.721893,0.9099768,15.142061
496,-49.721935,0.9103624,15.15058
497,-49.722004,0.91074157,15.159105
498,-49.722073,0.91110456,15.167183
499,-49.722137,0.91144425,15.174464
500,-49.722137,0.91176265,15.181031
501,-49.722137,0.91206163,15.186956
502,-49.722137,0.9123305,15.19225
503,-49.722137,0.9125608,15.196932
504,-49.722137,0.91275704,15.201078
505,-49.722137,0.91292286,15.204757
506,-49.722137,0.91308707,15.208278
507,-49.722137,0.9132738,15.211882
508,-49.72215,0.9134783,15.215521
509,-49.722218,0.9136963,15.219144
510,-49.722286,0.9139118,15.222504
511,-49.722317,0.9141133,15.225425
512,-49.722317,0.91430175,15.227959
513,-49.722317,0.914478,15.230148
514,-49.722317,0.9146418,15.232076
515,-49.722317,0.91479295,15.233817
516,-49.722317,0.9149326,15.235391
517,-48.231274,-0.36333683,10.147828
518,-48.23209,-0.36266997,10.16109
519,-48.232533,-0.36183777,10.17302
520,-48.232624,-0.3608439,10.183579
521,-48.23239,-0.3596921,10.192837
522,-48.23205,-0.35843337,10.201707
523,-48.231808,-0.35712183,10.210927
524,-48.23166,-0.35576567,10.220366
525,-48.231613,-0.35437384,10.229901
526,-48.231766,-0.35308093,10.239148
527,-48.232216,-0.35200757,10.247845
528,-48.232925,-0.35114267,10.256044
529,-48.401222,-0.16354877,7.4914603
530,-48.39708,-0.1659237,7.5114584
531,-48.39312,-0.16825208,7.5275855
532,-48.389538,-0.17042762,7.5416408
533,-48.386738,-0.17229639,7.5542154
534,-48.384678,-0.17387164,7.5655723
535,-48.3833,-0.17516582,7.5759025
536,-48.38274,-0.17599182,7.5834656
537,-48.38313,-0.17617644,7.586738
538,-48.384453,-0.17573884,7.5859456
539,-48.386723,-0.17468089,7.581001
540,-48.389225,-0.17338556,7.574091
541,-48.391186,-0.17224267,7.5676613
542,-48.39258,-0.17125186,7.561779
543,-48.393387,-0.1704132,7.5565033
544,-48.39372,-0.16974443,7.5521064
545,-48.393684,-0.16926676,7.548864
546,-48.393288,-0.16898467,7.5468187
547,-48.392517,-0.16890104,7.545995
548,-48.391678,-0.16887258,7.5456996
549,-48.391083,-0.16875479,7.5452256
550,-48.390717,-0.16854762,7.544572
551,-48.39059,-0.16825148,7.543737
552,-48.390713,-0.16789271,7.543501
553,-48.391098,-0.16750003,7.544645
554,-48.39174,-0.16707851,7.547154
555,-48.392624,-0.1666337,7.5509925
556,-48.39354,-0.16620952,7.555516
557,-48.39425,-0.16584277,7.5599575
558,-48.394753,-0.1655294,7.564223
559,-48.39505,-0.16526563,7.568234
560,-48.39517,-0.16508433,7.572563
561,-48.395115,-0.16501783,7.5777164
562,-48.394897,-0.16506118,7.5835114
563,-48.394512,-0.1652089,7.589756
564,-48.39403,-0.16533776,7.5951576
565,-48.393612,-0.16533265,7.5987372
566,-48.3932,-0.16519712,7.600725
567,-48.392788,-0.16493061,7.601299
568,-48.392338,-0.1646971,7.6017356
569,-48.39178,-0.16466485,7.6030655
570,-48.391125,-0.16483301,7.605035
571,-48.39037,-0.16519547,7.60737
572,-48.389454,-0.16571246,7.6096363
573,-48.388332,-0.16634862,7.6115637
574,-48.387024,-0.16710463,7.6132636
575,-48.385517,-0.1679971,7.6153083
576,-48.384186,-0.168775,7.6168585
577,-48.383396,-0.16918106,7.6170664
578,-48.38315,-0.16921197,7.615959
579,-48.383446,-0.16886435,7.613529
580,-48.383995,-0.16832988,7.6104107
581,-48.384514,-0.16780223,7.6072564
582,-48.384995,-0.16728121,7.6040654
583,-48.38544,-0.16676676,7.6008363
584,-48.385815,-0.16627783,7.597965
585,-48.386066,-0.16583475,7.595985
586,-48.386196,-0.16544074,7.594883
587,-48.386192,-0.16509826,7.5946317
588,-48.386086,-0.16484608,7.595556
589,-48.385902,-0.16472231,7.597931
590,-48.385643,-0.1647257,7.601631
591,-49.409573,1.4920764,9.219661
592,-49.409763,1.4970834,9.255549
593,-49.60615,1.2758182,10.708447
594,-49.605316,1.2798846,10.740408
595,-49.604492,1.2840787,10.773788
596,-49.60367,1.2883527,10.808165
597,-49.602844,1.292663,10.843144
598,-49.602016,1.2967771,10.876234
599,-49.601124,1.3005295,10.905458
600,-49.600163,1.3039702,10.931188
601,-49.59914,1.3071424,10.953739
602,-49.59811,1.3101346,10.974348
603,-49.59708,1.3130145,10.994144
604,-49.59605,1.3157903,11.013228
605,-49.59502,1.3184687,11.031685
606,-49.59406,1.3211045,11.050151
607,-49.59321,1.323737,11.069136
608,-49.59248,1.3263489,11.088488
609,-49.591854,1.3289225,11.10806
610,-49.591305,1.3314056,11.127158
611,-49.590755,1.3337598,11.145222
612,-49.59026,1.3359588,11.162087
613,-49.58978,1.3379983,11.177744
614,-49.5893,1.3398839,11.192027
615,-49.588818,1.3416241,11.204844
616,-49.588337,1.3432362,11.216388
617,-49.587856,1.3447356,11.226808
618,-49.587425,1.3461354,11.236653
619,-49.587074,1.347442,11.24634
620,-49.5868,1.3486588,11.255818
621,-48.23652,-0.32248718,7.7809186
622,-48.238808,-0.32188988,7.904638
623,-48.24035,-0.32149065,7.9764304
624,-48.241417,-0.32114032,8.026442
625,-48.242146,-0.320816,8.061689
626,-48.242626,-0.3204985,8.0873375
627,-48.242924,-0.32017308,8.106749
628,-48.24306,-0.31983426,8.120987
629,-48.243046,-0.3194755,8.130688
630,-48.242977,-0.31910884,8.138472
631,-48.242947,-0.318752,8.146694
632,-48.242947,-0.31840697,8.155292
633,-48.243008,-0.31807494,8.164213
634,-48.243122,-0.31778342,8.173748
635,-48.243324,-0.31755847,8.1841135
636,-48.24361,-0.31739846,8.19509
637,-48.24396,-0.31729972,8.206445
638,-48.244373,-0.31723383,8.217809
639,-48.244785,-0.31717566,8.228903
640,-48.245197,-0.31712493,8.239637
641,-48.24561,-0.31708136,8.249931
642,-48.24602,-0.31703946,8.259408
643,-48.246426,-0.31699505,8.267786
644,-48.24677,-0.31694922,8.275193
645,-48.247112,-0.31690294,8.2817335
646,-48.247444,-0.3168605,8.287551
647,-48.24772,-0.3168246,8.292833
648,-48.247993,-0.31679437,8.297614
649,-48.248264,-0.31676942,8.301868
650,-48.24847,-0.3167477,8.305542
651,-48.248646,-0.31672755,8.308622
652,-48.248783,-0.31670856,8.311256
653,-48.24892,-0.31669077,8.313499
654,-48.24899,-0.3166672,8.315635
655,-48.249058,-0.31663194,8.317905
656,-48.249126,-0.31658688,8.320273
657,-48.249195,-0.31653395,8.322698
658,-48.249264,-0.31648433,8.324913
659,-48.249332,-0.3164469,8.3267145
660,-48.249363,-0.31641978,8.328165
661,-48.249363,-0.31640005,8.329402
662,-48.249363,-0.31638265,8.330621
663,-48.249363,-0.31636292,8.331985
664,-48.249363,-0.3163408,8.333505
665,-48.24941,-0.3163169,8.335138
666,-48.24942,-0.31629297,8.336626
667,-48.24942,-0.31626782,8.337902
668,-48.24942,-0.31624147,8.338972
669,-48.24942,-0.31621385,8.339836
670,-48.24942,-0.31618553,8.340621
671,-48.24942,-0.31615764,8.341453
672,-48.24942,-0.31612974,8.342333
673,-48.24942,-0.31610185,8.343261
674,-48.24942,-0.31607547,8.3442335
675,-48.249424,-0.31605232,8.3452425
676,-48.249493,-0.31603357,8.346224
677,-48.160507,-0.08419441,9.226894
678,-48.162373,-0.08360656,9.304944
679,-48.163605,-0.08300838,9.354925
680,-48.16443,-0.08242009,9.386882
681,-48.165028,-0.08193975,9.411914
682,-48.1655,-0.081631124,9.435945
683,-48.165867,-0.08145081,9.458264
684,-48.166126,-0.08136229,9.478437
685,-48.166332,-0.08132919,9.495657
686,-48.166477,-0.08132741,9.509667
687,-48.166615,-0.08134618,9.521027
688,-49.666634,0.9358133,13.1873455
689,-49.66669,0.93627465,13.292522
690,-49.66676,0.9365449,13.386604
691,-49.66679,0.93662983,13.469365
692,-49.66679,0.93662983,13.540097
693,-49.66679,0.93662983,13.60171
694,-49.66679,0.93662983,13.657545
695,-49.66679,0.93662983,13.707953
696,-49.66679,0.93662983,13.753255
697,-49.66679,0.93662983,13.796734
698,-49.66679,0.93662983,13.841397
699,-49.66679,0.93662983,13.887128
700,-49.66679,0.93662983,13.933802
701,-49.66679,0.93662983,13.976626
702,-49.66679,0.93662983,14.011223
703,-49.66679,0.93662983,14.038026
704,-49.66679,0.93662983,14.057366
705,-49.66679,0.93662983,14.069678
706,-49.66679,0.93662983,14.075305
707,-49.66679,0.93662983,14.07431
708,-49.66679,0.93662983,14.066683
709,-49.66679,0.93662983,14.057098
710,-49.66679,0.93662983,14.050322
711,-49.66679,0.93662983,14.046379
712,-49.66679,0.93662983,14.045293
713,-49.66679,0.93662983,14.0511675
714,-49.66679,0.93662983,14.067996
715,-49.66679,0.93662983,14.095464
716,-49.66679,0.93662983,14.133061
717,-49.66679,0.93662983,14.173265
718,-49.66679,0.93662983,14.209158
719,-49.66679,0.93662983,14.240983
720,-49.66679,0.93662983,14.268955
721,-49.66679,0.93662983,14.29727
722,-49.66679,0.93662983,14.329825
723,-49.66679,0.93662983,14.366322
724,-49.66679,0.93662983,14.406433
725,-49.66679,0.93662983,14.448154
726,-49.66679,0.93662983,14.489677
727,-49.66679,0.93662983,14.530943
728,-49.66679,0.93662983,14.571894
729,-49.66679,0.93662983,14.614695
730,-49.66679,0.93662983,14.661197
731,-49.66679,0.93662983,14.710844
732,-49.66679,0.93662983,14.763066
733,-49.66679,0.93662983,14.808562
734,-49.66679,0.93662983,14.839554
735,-49.66679,0.93662983,14.857287
736,-49.66679,0.93662983,14.862465
737,-49.66679,0.93662983,14.866101
738,-49.66679,0.93662983,14.878883
739,-49.66679,0.93662983,14.900439
740,-49.66679,0.93662983,14.930149
741,-49.66679,0.93662983,14.962188
742,-49.66679,0.93662983,14.991403
743,-49.66679,0.93662983,15.01801
744,-49.66679,0.93662983,15.042202
745,-49.66679,0.93662983,15.064628
746,-49.66679,0.93662983,15.085875
747,-49.66679,0.93662983,15.106004
748,-48.53055,-0.0052535506,8.239576
749,-48.525387,-0.0063843518,8.30455
750,-48.52118,-0.0073833475,8.354108
751,-48.518158,-0.008290682,8.387788
752,-48.51602,-0.009143657,8.410818
753,-48.514606,-0.009969773,8.42641
754,-48.51404,-0.010587716,8.433277
755,-48.51452,-0.010809501,8.429258
756,-48.516132,-0.010618265,8.413193
757,-48.519062,-0.00995022,8.380637
758,-48.52268,-0.00897224,8.335941
759,-48.52598,-0.00793116,8.2907
760,-48.528793,-0.0068407347,8.248417
761,-48.530926,-0.0057233907,8.212906
762,-48.532066,-0.0023409934,8.172078
763,-48.531094,-0.0018761021,8.182113
764,-48.530502,-0.001500515,8.187139
765,-48.53027,-0.0012044901,8.187399
766,-48.53038,-0.0009820494,8.18293
767,-48.530792,-0.00078534195,8.173135
768,-48.531487,-0.00056650327,8.157168
769,-48.532486,-0.0003213268,8.134342
770,-48.304348,-0.2398377,7.4326334
771,-48.30327,-0.24095014,7.497506
772,-48.303562,-0.2410372,7.544796
773,-48.304935,-0.2403075,7.576549
774,-48.30725,-0.23886661,7.595331
775,-48.309723,-0.23724124,7.60597
776,-48.311623,-0.23591073,7.6126523
777,-48.312984,-0.23485473,7.6164246
778,-48.31383,-0.23406123,7.6179557
779,-48.314278,-0.23347537,7.6189094
780,-48.314415,-0.2330485,7.6206827
781,-48.314243,-0.23278058,7.6233315
782,-48.313778,-0.2326694,7.6269116
783,-48.31325,-0.23257428,7.6311955
784,-48.312893,-0.23236006,7.635885
785,-48.312687,-0.23203158,7.6409235
786,-48.312634,-0.23159398,7.646244
787,-48.312775,-0.2310265,7.6521697
788,-48.31315,-0.23031268,7.658973
789,-48.31374,-0.22946525,7.6665006
790,-48.314533,-0.22849807,7.674602
791,-48.315323,-0.22752917,7.682348
792,-48.315914,-0.22666048,7.6890144
793,-48.316322,-0.22588314,7.6947513
794,-48.316555,-0.22518976,7.6996813
795,-48.316643,-0.22459507,7.7042727
796,-48.316605,-0.22411503,7.708941
797,-48.316444,-0.22374497,7.7137127
798,-48.316177,-0.22348022,7.718615
799,-48.315876,-0.22325008,7.723317
800,-48.3156,-0.22298732,7.7274723
801,-48.315372,-0.22269252,7.731093
802,-48.315166,-0.2223659,7.734177
803,-48.314934,-0.22209525,7.7373834
804,-48.31462,-0.22196576,7.741369
805,-48.314228,-0.22197208,7.7461205
806,-48.31376,-0.22210723,7.751631
807,-48.313198,-0.22237575,7.75723
808,-48.312534,-0.22278222,7.7622857
809,-48.311756,-0.22331956,7.7668204
810,-48.310886,-0.22398224,7.7708406
811,-48.310127,-0.22455546,7.7747035
812,-48.309673,-0.2248361,7.7787447
813,-48.309513,-0.22483827,7.782904
814,-48.309628,-0.22457716,7.7870975
815,-48.309856,-0.2241991,7.7908106
816,-48.310062,-0.22383827,7.793659
817,-48.31027,-0.22349203,7.795717
818,-48.310448,-0.22315806,7.797038
819,-48.310585,-0.22284397,7.7981343
820,-48.310677,-0.22255908,7.799481
821,-48.310738,-0.2223032,7.8010745
822,-48.310738,-0.22207628,7.8029118
823,-48.31072,-0.22188842,7.804995
824,-48.31065,-0.2217491,7.807331
825,-48.31058,-0.22165681,7.8099093
826,-49.43955,1.4782962,9.2457485
827,-49.43879,1.4830356,9.296119
828,-49.438286,1.4872339,9.339705
829,-49.438007,1.4908658,9.376459
830,-49.437893,1.4939411,9.406687
831,-49.43788,1.4964403,9.430504
832,-49.43792,1.4984099,9.448612
833,-49.43799,1.4999619,9.462207
834,-49.438065,1.5012635,9.473295
835,-49.438133,1.5024257,9.483307
836,-49.438175,1.5034536,9.492265
837,-49.438175,1.5043639,9.500277
838,-49.438175,1.5051707,9.5074415
839,-49.438175,1.5059026,9.51394
840,-49.438198,1.5065814,9.519909
841,-49.438267,1.5072088,9.525384
842,-48.301052,-0.20977774,7.4127035
843,-48.301773,-0.20857158,7.4260273
844,-48.302887,-0.20719695,7.4406643
845,-48.304367,-0.20567836,7.456312
846,-48.30583,-0.20417699,7.471357
847,-48.30691,-0.20282629,7.4846077
848,-48.307644,-0.20161138,7.4963746
849,-48.30805,-0.20051968,7.506911
850,-48.30817,-0.19959524,7.5169234
851,-48.30807,-0.19888224,7.527018
852,-48.307762,-0.19836989,7.5372624
853,-48.30725,-0.19804783,7.5477214
854,-48.30668,-0.19776914,7.5575027
855,-48.306175,-0.19739619,7.565699
856,-48.305733,-0.19693123,7.572347
857,-48.305347,-0.19637498,7.5774684
858,-48.30492,-0.19590642,7.5825677
859,-48.30435,-0.19570068,7.5891595
860,-48.30365,-0.19574867,7.5972652
861,-48.30283,-0.19603762,7.606896
862,-48.301865,-0.1965508,7.6168213
863,-48.300724,-0.19727418,7.6258583
864,-48.299423,-0.19819821,7.6340466
865,-48.297966,-0.19931573,7.6413875
866,-48.296707,-0.20027533,7.648277
867,-48.295975,-0.20074323,7.6550775
868,-48.29575,-0.20074123,7.661662
869,-48.295998,-0.20029156,7.667843
870,-48.29646,-0.19963756,7.6729603
871,-48.29687,-0.19900504,7.6766186
872,-48.297226,-0.19839007,7.6789603
873,-48.297554,-0.19778904,7.6800957
874,-48.297806,-0.19721912,7.680975
875,-48.297977,-0.19670029,7.682487
876,-48.298065,-0.19623323,7.684629
877,-48.29806,-0.19581829,7.6873927
878,-48.297993,-0.19547556,7.690887
879,-48.297882,-0.19522399,7.6952033
880,-48.297745,-0.1950613,7.7003155
881,-49.427902,1.4868149,9.2167425
882,-49.427307,1.4921542,9.26649
883,-49.426994,1.4963939,9.30324
884,-49.427048,1.4998211,9.329673
885,-49.42732,1.5027788,9.350591
886,-49.39823,1.4653281,9.601119
887,-49.39679,1.4701371,9.661134
888,-49.39579,1.4741616,9.711392
889,-49.499886,0.7229336,8.757917
890,-49.50193,0.72734386,8.635769
891,-49.50477,0.73229694,8.5485115
892,-49.5075,0.73728245,8.489074
893,-49.509487,0.74189603,8.457711
894,-49.51079,0.7461104,8.446074
895,-49.511486,0.74988633,8.44541
896,-49.51182,0.75369674,8.452866
897,-49.511948,0.75811756,8.475628
898,-49.51181,0.76309097,8.517381
899,-49.511314,0.76852995,8.580945
900,-49.471607,0.9716174,11.095867
901,-49.47049,0.9749838,11.181206
902,-49.46954,0.9777687,11.249098
903,-49.468742,0.98007727,11.3032255
904,-49.468067,0.9819954,11.346406
905,-49.46751,0.98361677,11.38422
906,-49.467068,0.9850076,11.421089
907,-49.466686,0.98628515,11.458198
908,-49.466347,0.9874763,11.494298
909,-49.466072,0.98859894,11.527768
910,-49.465824,0.9896659,11.558501
911,-49.46562,0.9906743,11.587188
912,-49.46543,0.9916216,11.614281
913,-49.465256,0.99248403,11.639273
914,-49.46505,0.99324715,11.661591
915,-49.464844,0.9939228,11.681491
916,-49.464638,0.9945219,11.69922
917,-49.46443,0.9950535,11.714931
918,-49.46429,0.99552625,11.728786
919,-49.464153,0.9959475,11.741022
920,-49.664787,1.1532831,10.792956
921,-49.6641,1.1581608,10.817784
922,-49.66345,1.1626315,10.842343
923,-49.66283,1.166711,10.866255
924,-49.662277,1.170411,10.888765
925,-49.661728,1.1740645,10.911609
926,-49.66118,1.177968,10.936906
927,-49.66063,1.182073,10.964369
928,-49.66008,1.1863253,10.993655
929,-49.659492,1.1904976,11.022727
930,-49.65884,1.1944118,11.049908
931,-49.65813,1.1980842,11.075336
932,-49.657375,1.2015303,11.099144
933,-49.656574,1.2047827,11.121664
934,-49.65575,1.2078738,11.143242
935,-49.654926,1.2108092,11.163943
936,-49.654102,1.2135932,11.1838045
937,-49.653313,1.2162795,11.20354
938,-49.652637,1.2188956,11.22353
939,-49.65206,1.2214081,11.243348
940,-49.651592,1.223791,11.262637
941,-49.65118,1.2260051,11.28086
942,-49.650772,1.2280319,11.297721
943,-49.65043,1.2298774,11.313254
944,-49.650085,1.231549,11.327505
945,-49.649742,1.2330471,11.340413
946,-49.6494,1.2343768,11.351974
947,-49.649055,1.2355542,11.362331
948,-49.648712,1.2365942,11.371622
949,-49.648426,1.2375059,11.379932
950,-49.64819,1.2382984,11.387314
951,-49.647984,1.2389855,11.39384
952,-49.759926,1.049131,11.633991
953,-49.75843,1.052823,11.669608
954,-49.75736,1.0558748,11.701562
955,-49.756744,1.0583935,11.7309675
956,-49.7565,1.0604658,11.7581415
957,-49.75656,1.0621654,11.783396
958,-49.756767,1.0636986,11.807293
959,-49.756973,1.0652179,11.83012
960,-49.75718,1.0667058,11.851776
961,-49.757385,1.0681481,11.872181
962,-49.75759,1.069484,11.890733
963,-49.757797,1.0706753,11.907091
964,-49.758003,1.071741,11.9215555
965,-49.75821,1.072697,11.934379
966,-49.758415,1.0735288,11.945553
967,-49.758556,1.07423,11.9551325
968,-49.758694,1.074821,11.963377
969,-49.75883,1.0753182,11.970486
970,-49.758915,1.0757841,11.976925
971,-49.758984,1.0762666,11.98303
972,-49.759003,1.0767587,11.988786
973,-49.759003,1.0772544,11.99418
974,-49.759003,1.0777313,11.999168
975,-49.759003,1.0781741,12.003736
976,-49.759003,1.078585,12.0079155
977,-49.759003,1.078966,12.01174
978,-49.759003,1.0793161,12.015074
979,-49.758938,1.0796347,12.017828
980,-49.75887,1.0799252,12.020078
981,-49.7588,1.0801903,12.021887
982,-49.75873,1.0804397,12.023597
983,-49.758663,1.08068,12.025481
984,-49.758595,1.0809104,12.027491
985,-49.758526,1.0811299,12.02958
986,-49.758457,1.0813366,12.031583
987,-49.75839,1.0815296,12.033371
988,-49.75832,1.081709,12.034963
989,-49.75825,1.0818753,12.036374
990,-49.758183,1.0820258,12.037624
991,-49.758114,1.0821594,12.038732
992,-49.758045,1.082278,12.039716
993,-49.757977,1.0823836,12.040589
994,-49.757908,1.0824778,12.041371
995,-49.757862,1.082562,12.042075
996,-49.757862,1.0826371,12.0427065
